AlertObjectID,AlertDefID,AlertType,AlertName,AlertMessage,TriggeringObject,TriggeringObjectEntityName,TriggeringObjectStatus,TriggeringObjectDetailsUrl,TriggeringObjectEntityUri,RelatedNode,RelatedNodeDetailsUrl,Status,ActiveTimeDisplay,TriggerTime,Acknow
136625,183,0,CPU Utilization,CPU Utilization,web-1,Orion.VIM.VirtualMachines,0,/Orion/View.aspx?NetObject=N:124,swis://ODv2023-1-HCO/Orion/Orion.VIM.VirtualMachines/VirtualMachineID=22023,web-1,/Orion/View.aspx?NetObject=N:124,0,3d 5h 8m ,05/23/23 14:01:21,,null,No Notes yet...,1,Warning,null,,Virtual Machine,FALSE,null,TRUE,,Local Site,0,,,,null,
136625,183,0,CPU Utilization,CPU Utilization,web-1,Orion.VIM.VirtualMachines,0,/Orion/View.aspx?NetObject=N:124,swis://ODv2023-1-HCO/Orion/Orion.VIM.VirtualMachines/VirtualMachineID=22023,web-1,/Orion/View.aspx?NetObject=N:124,0,3d 5h 8m ,05/23/23 14:01:36,,null,No Notes yet...,1,Critical,null,,Virtual Machine,FALSE,null,TRUE,,Local Site,0,,,,null,
136625,183,0,CPU Utilization,CPU Utilization,web-1,Orion.VIM.VirtualMachines,0,/Orion/View.aspx?NetObject=N:124,swis://ODv2023-1-HCO/Orion/Orion.VIM.VirtualMachines/VirtualMachineID=22023,web-1,/Orion/View.aspx?NetObject=N:124,0,3d 5h 8m ,05/23/23 14:01:46,,null,No Notes yet...,1,Normal,null,,Virtual Machine,FALSE,null,TRUE,,Local Site,0,,,,null,
136625,183,0,CPU Utilization,CPU Utilization,web-4,Orion.VIM.VirtualMachines,0,/Orion/View.aspx?NetObject=N:127,swis://ODv2023-1-HCO/Orion/Orion.VIM.VirtualMachines/VirtualMachineID=22026,web-4,/Orion/View.aspx?NetObject=N:127,0,3d 5h 8m ,05/23/23 14:01:51,,null,No Notes yet...,1,Warning,null,,Virtual Machine,FALSE,null,TRUE,,Local Site,0,,,,null,
136625,183,0,CPU Utilization,CPU Utilization,web-4,Orion.VIM.VirtualMachines,0,/Orion/View.aspx?NetObject=N:127,swis://ODv2023-1-HCO/Orion/Orion.VIM.VirtualMachines/VirtualMachineID=22026,web-4,/Orion/View.aspx?NetObject=N:127,0,3d 5h 8m ,05/23/23 14:02:51,,null,No Notes yet...,1,Critical,null,,Virtual Machine,FALSE,null,TRUE,,Local Site,0,,,,null,
136625,183,0,CPU Utilization,CPU Utilization,web-4,Orion.VIM.VirtualMachines,0,/Orion/View.aspx?NetObject=N:127,swis://ODv2023-1-HCO/Orion/Orion.VIM.VirtualMachines/VirtualMachineID=22026,web-4,/Orion/View.aspx?NetObject=N:127,0,3d 5h 8m ,05/23/23 14:03:01,,null,No Notes yet...,1,Normal,null,,Virtual Machine,FALSE,null,TRUE,,Local Site,0,,,,null,
136625,183,0,CPU Utilization,CPU Utilization,web-2,Orion.VIM.VirtualMachines,0,/Orion/View.aspx?NetObject=N:125,swis://ODv2023-1-HCO/Orion/Orion.VIM.VirtualMachines/VirtualMachineID=22024,web-2,/Orion/View.aspx?NetObject=N:125,0,3d 5h 8m ,05/23/23 14:03:11,,null,No Notes yet...,1,Critical,null,,Virtual Machine,FALSE,null,TRUE,,Local Site,0,,,,null,
136625,183,0,CPU Utilization,CPU Utilization,web-3,Orion.VIM.VirtualMachines,0,/Orion/View.aspx?NetObject=N:126,swis://ODv2023-1-HCO/Orion/Orion.VIM.VirtualMachines/VirtualMachineID=22025,web-3,/Orion/View.aspx?NetObject=N:126,0,3d 5h 8m ,05/23/23 14:03:16,,null,No Notes yet...,1,Critical,null,,Virtual Machine,FALSE,null,TRUE,,Local Site,0,,,,null,
136625,183,0,CPU Utilization,CPU Utilization,web-2,Orion.VIM.VirtualMachines,0,/Orion/View.aspx?NetObject=N:125,swis://ODv2023-1-HCO/Orion/Orion.VIM.VirtualMachines/VirtualMachineID=22024,web-2,/Orion/View.aspx?NetObject=N:125,0,3d 5h 8m ,05/23/23 14:03:21,,null,No Notes yet...,1,Normal,null,,Virtual Machine,FALSE,null,TRUE,,Local Site,0,,,,null,
136625,183,0,CPU Utilization,CPU Utilization,web-3,Orion.VIM.VirtualMachines,0,/Orion/View.aspx?NetObject=N:126,swis://ODv2023-1-HCO/Orion/Orion.VIM.VirtualMachines/VirtualMachineID=22025,web-3,/Orion/View.aspx?NetObject=N:126,0,3d 5h 8m ,05/23/23 14:03:26,,null,No Notes yet...,1,Normal,null,,Virtual Machine,FALSE,null,TRUE,,Local Site,0,,,,null,